/de/2023-12-15-vspm,9196,"German","high-schools"
/de/doktorieren/2024-05-15-engel,5031,"UniBS","PhD"
/de/"German";tags:community-zum-ordnen-alle-sprachen/eth,6357,"presentation page","ETH","ZH"
/de/community-zum-ordnen-alle-sprachen/2021-04-08-seps,4346,"article about event","UniFr","FR"
/de/community-zum-ordnen-alle-sprachen/philter,9380,"information","UniLu","LU"
/de/community-zum-ordnen-alle-sprachen/unilu,6345,"presentation page","UniLU"
/de/community-zum-ordnen-alle-sprachen/hsg,6462,"presentation page","UniSG"
/de/community-zum-ordnen-alle-sprachen/2023-colloquium-epp,8423,"information","UniFr","FR"
/de/community-zum-ordnen-alle-sprachen/unifr,6336,"presentation page","UniFR"
/de/community-zum-ordnen-alle-sprachen/2023-12-24-unifr,3856,"information page","UniFr","FR"
/de/community-zum-ordnen-alle-sprachen/uzh,6343,"presentation page","UZH","ZH"
/de/community-zum-ordnen-alle-sprachen/2022-07-22-ouellettedube,6835,"article about event","UniFr","FR"
/de/community-zum-ordnen-alle-sprachen/2022-05-03-martin,6837,"article about event","UniFr","FR"
/de/community-zum-ordnen-alle-sprachen/envhum-lunch-2019,3194,"information","UniFr","FR"
/de/community-zum-ordnen-alle-sprachen/2022-11-03-eggel,6836,"article about event","UniFr","FR"
/de/community-zum-ordnen-alle-sprachen/unifr-colloque-des-doctorants-sp18,7211,"information","UniFr","FR"
/de/community-zum-ordnen-alle-sprachen/2020-11-27-unifr,7215,"article about event","UniFr","FR"
/de/community-zum-ordnen-alle-sprachen/2019-11-29-unifr,7214,"article about event","UniFr","FR"
/de/community-zum-ordnen-alle-sprachen/2022-05-05-unifr,7220,"article about event","UniFr","FR"
/de/community-zum-ordnen-alle-sprachen/2017-09-14-unifr,7210,"article about event","UniFr","FR"
/de/community-zum-ordnen-alle-sprachen/unil,7110,"presentation page","UniL","VD"
/de/community-zum-ordnen-alle-sprachen/2018-06-28-unil,7122,"article about event","UniL","VD"
/de/community-zum-ordnen-alle-sprachen/2017-02-16-unil,7111,"article about event","UniL","VD"
/de/community-zum-ordnen-alle-sprachen/2023-09-29-unil,9039,"article about event","UniL","VD"
/de/community-zum-ordnen-alle-sprachen/2021-11-18-unil,7127,"article about event","UniL","VD"
/de/community-zum-ordnen-alle-sprachen/2019-03-20-unil,7126,"article about event","UniL","VD"
/de/community-zum-ordnen-alle-sprachen/2023-05-24-unil,8326,"article about event","UniL","VD"
/de/community-zum-ordnen-alle-sprachen/epfl,9134,"presentation page","EPFL","VD"
/de/community-zum-ordnen-alle-sprachen/usi,7680,"presentation page","USI","TI"
/de/community-zum-ordnen-alle-sprachen/isfi,8567,"information","USI","TI"
/de/community-zum-ordnen-alle-sprachen/2022-10-24-usi,6312,"article about event","USI","TI"
/de/community-zum-ordnen-alle-sprachen/map,7681,"information","USI","TI"
/de/community-zum-ordnen-alle-sprachen/2021-03-18-usi,7683,"article about event","USI","TI"
/de/community-zum-ordnen-alle-sprachen/map-colloquium-2023,9103,"information","USI","TI"
/de/community-zum-ordnen-alle-sprachen/2022-08-31-usi,7682,"article about event","USI","TI"
/de/community-zum-ordnen-alle-sprachen/2021-04-22-usi,7685,"article about event","USI","TI"
/de/community-zum-ordnen-alle-sprachen/2021-01-21-usi,7684,"article about event","USI","TI"
/de/community-zum-ordnen-alle-sprachen/2021-02-25-usi,7686,"article about event","USI","TI"
/de/community-zum-ordnen-alle-sprachen/iap,6445,"Uni","presentation page"
/de/community-zum-ordnen-alle-sprachen/2017-09-15-iap,1462,"article about event","Uni"
/de/community-zum-ordnen-alle-sprachen/2017-09-20-iap,1461,"article about event","Uni"
/de/community-zum-ordnen-alle-sprachen/formazioni-continue,7955,"presentation page"
/de/community-zum-ordnen-alle-sprachen/asae,7953,"presentation page","UZH","ZH"
/de/community-zum-ordnen-alle-sprachen/thales,7954,"presentation page","UZH","ZH"
/de/community-zum-ordnen-alle-sprachen/zrwp,7956,"presentation page","UZH","ZH"
/de/community-zum-ordnen-alle-sprachen/2017-11-10-zrwp,1617,"article about event","UZH","ZH"
/de/community-zum-ordnen-alle-sprachen/zegra,7957,"presentation page","UZH","ZH"
/de/community-zum-ordnen-alle-sprachen/2021-08-31-zegra,4746,"article about event","USI","TI"
/de/community-zum-ordnen-alle-sprachen/exre,7960,"presentation page","UniFR","FR"
/de/community-zum-ordnen-alle-sprachen/exre-colloquium-fall-17,7209,"information","UniFR","FR"
/de/community-zum-ordnen-alle-sprachen/culinary-mind,7970,"presentation page","UniFR","FR"
/de/community-zum-ordnen-alle-sprachen/2018-06-04-culinary-mind,7212,"article about event","UniFR","FR"
/de/community-zum-ordnen-alle-sprachen/agora,6788,"presentation page","our event","Agora"
/de/community-zum-ordnen-alle-sprachen/2023-09-16-agora,9009,"event","our event","Agora"
/de/community-zum-ordnen-alle-sprachen/monte-verita,6588,"article about event","our event","Agora"
/de/community-zum-ordnen-alle-sprachen/walking-to-mount-truth,8492,"information","our event","Agora"
/de/community-zum-ordnen-alle-sprachen/how-to-get-to-mount-truth,8491,"event","our event","Agora"
/de/community-zum-ordnen-alle-sprachen/fine-summerschool,8048,"information","our event"
/de/community-zum-ordnen-alle-sprachen/cuso-2022,7673,"information","our event"
/de/community-zum-ordnen-alle-sprachen/philo-vignes,6590,"information","our event"
/de/media,5074,"presentation page","press"
/de/outreach,5075,"presentation page"
/de/studierendenprojekte,8253,"presentation page","student project"
/de/2023-12-13-kraeuchi,5808,"article","article series","German"
/de/2023-12-10-luporini,9126,"article","English"
/de/2023-12-13-thalmann,6215,"article","article series","German"
/fr/2023-12-15-spes,9197,"French","high-schools"
/fr/faire-un-doctorat/2018-10-17-cuso,2737,"French","PhD","article about event"
/fr/faire-un-doctorat/2024-02-02-engel,5035,"French","PhD","article about event"
/fr/anthropologie,8766,"French","discipline","topics"